city_querry;;
АБАКАН;  true,;АБАКАН
Белый Яр;  true,;Белый Яр
Бея;  true,;Бея
Боград;  true,;Боград
Копьево;  true,;Копьево
Саяногорск;  true,;Саяногорск
Сорск;  true,;Сорск
Таштып;  true,;Таштып
Усть-Абакан;  true,;Усть-Абакан
Черногорск;  true,;Черногорск
Шира;  true,;Шира
АРХАНГЕЛЬСК;  true,;АРХАНГЕЛЬСК
Березник;  true,;Березник
Вельск;  true,;Вельск
Верхняя Тойма;  true,;Верхняя Тойма
Ильинско-Подомское;  false,;
Каргополь;  true,;Каргополь
Карпогоры;  true,;Карпогоры
Коноша;  true,;Коноша
Коряжма;  true,;Коряжма
Котлас;  true,;Котлас
Красноборск;  true,;Красноборск
Лешуконское;  true,;Лешуконское
Мезень;  true,;Мезень
Мирный;  true,;Мирный
Нарьян-Мар;  true,;Нарьян-Мар
Новодвинск;  true,;Новодвинск
Няндома;  true,;Няндома
Октябрьский;  true,;Октябрьский
Онега;  true,;Онега
Плесецк;  true,;Плесецк
Северодвинск;  true,;Северодвинск
о.Соловки;  false,;
Холмогоры;  true,;Холмогоры
Шенкурск;  true,;Шенкурск
Яренск;  true,;Яренск
АСТРАХАНЬ;  true,;АСТРАХАНЬ
Ахтубинск;  true,;Ахтубинск
Володарский;  true,;Володарский
Енотаевка;  true,;Енотаевка
Икряное;  true,;Икряное
Знаменск;  true,;Знаменск
Камызяк;  true,;Камызяк
Красный Яр;  true,;Красный Яр
Лиман;  true,;Лиман
Нариманов;  true,;Нариманов
Началово;  true,;Началово
Харабли;  true,;Харабли
Черный Яр;  true,;Черный Яр
БАРНАУЛ;  true,;БАРНАУЛ
Алейск;  true,;Алейск
Бийск;  true,;Бийск
Заринск;  true,;Заринск
Камень на Оби;  true,;Камень на Оби
Новоалтайск;  true,;Новоалтайск
Павловск;  true,;Павловск
БЕЛГОРОД;  true,;БЕЛГОРОД
Алексеевка;  true,;Алексеевка
Борисовка;  true,;Борисовка
Валуйки;  true,;Валуйки
Вейделевка;  true,;Вейделевка
Волоконовка;  true,;Волоконовка
Губкин;  true,;Губкин
Ивня;  true,;Ивня
Короча;  true,;Короча
Красногвардейское;  true,;Красногвардейское
Красное;  true,;Красное
Новый Оскол;  true,;Новый Оскол
Прохоровка;  true,;Прохоровка
Ракитное;  true,;Ракитное
Ровеньки;  true,;Ровеньки
Старый Оскол;  true,;Старый Оскол
Строитель;  true,;Строитель
Чернянка;  true,;Чернянка
Щебекино;  false,;
БЛАГОВЕЩЕНСК;  true,;БЛАГОВЕЩЕНСК
БРЯНСК;  true,;БРЯНСК
Выгоничи;  true,;Выгоничи
Жирятино;  true,;Жирятино
Жуковка;  true,;Жуковка
Злынка;  true,;Злынка
Карачев;  true,;Карачев
Клетня;  true,;Клетня
Климово;  true,;Климово
Клинцы;  true,;Клинцы
Комаричи;  true,;Комаричи
Красная Гора;  true,;Красная Гора
Локоть;  true,;Локоть
Мглин;  true,;Мглин
Новозыбков;  true,;Новозыбков
Погар;  true,;Погар
Почеп;  true,;Почеп
Рогнедино;  true,;Рогнедино
Севск;  true,;Севск
Стародуб;  true,;Стародуб
Суземка;  true,;Суземка
Унеча;  true,;Унеча
ВЛАДИВОСТОК;  true,;ВЛАДИВОСТОК
Анучино;  true,;Анучино
Арсеньев;  true,;Арсеньев
Артем;  true,;Артем
Большой Камень;  true,;Большой Камень
Дальнегорск;  true,;Дальнегорск
Дальнереченск;  true,;Дальнереченск
Кавалерово;  true,;Кавалерово
Камень-Рыболов;  true,;Камень-Рыболов
Кировский;  true,;Кировский
Лазо;  true,;Лазо
Лесозаводск;  true,;Лесозаводск
Лучегорск;  true,;Лучегорск
Михайловка;  true,;Михайловка
Находка;  true,;Находка
Новопокровка;  true,;Новопокровка
Ольга;  true,;Ольга
Партизанск;  true,;Партизанск
Пограничный;  true,;Пограничный
Покровка;  true,;Покровка
Спасск-Дальний;  true,;Спасск-Дальний
Славянка;  true,;Славянка
Терней;  true,;Терней
Уссурийск;  true,;Уссурийск
Фокино;  true,;Фокино
Хороль;  true,;Хороль
Черниговка;  true,;Черниговка
Чугуевка;  true,;Чугуевка
Яковлевка;  true,;Яковлевка
ВЛАДИКАВКАЗ;  true,;ВЛАДИКАВКАЗ
Алагир;  true,;Алагир
Ардон;  true,;Ардон
Архонская;  true,;Архонская
Беслан;  true,;Беслан
Дигора;  true,;Дигора
Моздок;  true,;Моздок
Октябрьское;  true,;Октябрьское
Чикола;  true,;Чикола
Эльхотово;  true,;Эльхотово
ВЛАДИМИР;  true,;ВЛАДИМИР
Александров;  true,;Александров
Вязники;  true,;Вязники
Гороховец;  true,;Гороховец
Гусь Хрустальный;  false,;
Камешково;  true,;Камешково
Киржач;  true,;Киржач
Ковров;  true,;Ковров
Кольчугино;  true,;Кольчугино
Красная Горбатка;  false,;
Меленки;  true,;Меленки
Муром;  true,;Муром
Петушки;  true,;Петушки
Радужный;  true,;Радужный
Собинка;  true,;Собинка
Судогда;  true,;Судогда
Суздаль;  true,;Суздаль
Юрьев-Польский;  true,;Юрьев-Польский
ВОЛГОГРАД;  true,;ВОЛГОГРАД
Алексеевская;  true,;Алексеевская
Быково;  true,;Быково
Волжский;  true,;Волжский
Городище;  true,;Городище
Даниловка;  true,;Даниловка
Дубовка;  true,;Дубовка
Елань;  true,;Елань
Жирновск;  true,;Жирновск
Иловля;  true,;Иловля
Калач-на-Дону;  true,;Калач-на-Дону
Камышин;  true,;Камышин
Киквидзе;  true,;Киквидзе
Клетский;  true,;Клетский
Котельниково;  true,;Котельниково
Котово;  true,;Котово
Кумылженская;  true,;Кумылженская
Ленинск;  true,;Ленинск
Михайловка;  true,;Михайловка
Нехаевский;  false,;
Николаевск;  true,;Николаевск
Новоаннинский;  true,;Новоаннинский
Новониколаевский;  true,;Новониколаевский
Октябрьский;  true,;Октябрьский
Ольховка;  true,;Ольховка
Палласовка;  true,;Палласовка
Рудня;  true,;Рудня
Светлый Яр;  true,;Светлый Яр
Серафимович;  true,;Серафимович
Средняя Ахтуба;  true,;Средняя Ахтуба
Старая Полтавка;  true,;Старая Полтавка
Суровикино;  true,;Суровикино
Урюпинск;  true,;Урюпинск
Фролово;  true,;Фролово
Чернышковский;  true,;Чернышковский
ВОЛОГДА;  true,;ВОЛОГДА
Бабаево;  true,;Бабаево
Белозерск;  true,;Белозерск
Великий Устюг;  true,;Великий Устюг
Верховажье;  true,;Верховажье
Вожега;  true,;Вожега
Вытегра;  true,;Вытегра
Грязовец;  true,;Грязовец
Кадуй;  true,;Кадуй
Кириллов;  true,;Кириллов
Кичменгский Городок;  false,;
Липин Бор;  true,;Липин Бор
Никольск;  true,;Никольск
Нюксеница;  true,;Нюксеница
Село им.Бабушкина;  false,;
Сокол;  true,;Сокол
Сямжа;  true,;Сямжа
Тарногский Городок;  false,;
Тотьма;  true,;Тотьма
Устье;  true,;Устье
Устюжна;  true,;Устюжна
Харовск;  true,;Харовск
Чагода;  true,;Чагода
Шексна;  true,;Шексна
Шуйское;  true,;Шуйское
ВОРОНЕЖ;  true,;ВОРОНЕЖ
Анна;  true,;Анна
Бобров;  true,;Бобров
Богучар;  true,;Богучар
Борисоглебск;  true,;Борисоглебск
Бутурлиновка;  true,;Бутурлиновка
Верхний Мамон;  true,;Верхний Мамон
Верхняя Хава;  true,;Верхняя Хава
Воробьевка;  true,;Воробьевка
Калач;  true,;Калач
Каменка;  true,;Каменка
Каширское;  true,;Каширское
Лиски;  true,;Лиски
Нижнедевицк;  true,;Нижнедевицк
Новая Усмань;  true,;Новая Усмань
Нововоронежский;  true,;Нововоронежский
Новохоперск;  true,;Новохоперск
Острогожск;  true,;Острогожск
Павловск;  true,;Павловск
Панино;  true,;Панино
Петропавловка;  true,;Петропавловка
Подгоренский;  true,;Подгоренский
Поворино;  true,;Поворино
Рамонь;  true,;Рамонь
Россошь;  true,;Россошь
Семилуки;  true,;Семилуки
Таловая;  true,;Таловая
Терновка;  true,;Терновка
Эртиль;  true,;Эртиль
ГОРНО-АЛТАЙСК;  true,;ГОРНО-АЛТАЙСК
ЕКАТЕРИНБУРГ;  true,;ЕКАТЕРИНБУРГ
Алапаевск;  true,;Алапаевск
Артемовский;  true,;Артемовский
Арти;  true,;Арти
Асбест;  true,;Асбест
Ачит;  true,;Ачит
Березовский;  true,;Березовский
Богданович;  true,;Богданович
Верхняя Пышма;  true,;Верхняя Пышма
Верхняя Салда;  true,;Верхняя Салда
Верхотурье;  true,;Верхотурье
Заречный;  true,;Заречный
Ирбит;  true,;Ирбит
Каменск-Уральский;  false,;
Карпинск;  true,;Карпинск
Качканар;  true,;Качканар
Кировград;  true,;Кировград
Краснотурьинск;  true,;Краснотурьинск
Красноуральск;  true,;Красноуральск
Красноуфимск;  true,;Красноуфимск
Кушва;  true,;Кушва
Невьянск;  true,;Невьянск
Нижние Серги;  true,;Нижние Серги
Нижний Тагил;  true,;Нижний Тагил
Нижняя Тура;  true,;Нижняя Тура
Новая Ляля;  true,;Новая Ляля
Новоуральск;  true,;Новоуральск
Первоуральск;  true,;Первоуральск
Полевской;  true,;Полевской
Пышма;  true,;Пышма
Ревда;  true,;Ревда
Североуральск;  true,;Североуральск
Серов;  true,;Серов
Сухой Лог;  true,;Сухой Лог
Талица;  true,;Талица
Таборы;  true,;Таборы
Тавда;  true,;Тавда
Тугулым;  true,;Тугулым
Туринск;  true,;Туринск
Туринская Слобода;  false,;
Шаля;  true,;Шаля
ИВАНОВО;  true,;ИВАНОВО
Верхний Ландех;  true,;Верхний Ландех
Вичуга;  true,;Вичуга
Гаврилов Посад;  true,;Гаврилов Посад
Ильинское-Хованское;  false,;
Кинешма;  true,;Кинешма
Комсомольск;  true,;Комсомольск
Лежнево;  true,;Лежнево
Палех;  true,;Палех
Пестяки;  true,;Пестяки
Приволжск;  true,;Приволжск
Пучеж;  true,;Пучеж
Родники;  true,;Родники
Савино;  true,;Савино
Тейково;  true,;Тейково
Фурманов;  true,;Фурманов
Шуя;  true,;Шуя
Южа;  true,;Южа
Юрьевец;  true,;Юрьевец
ИЖЕВСК;  true,;ИЖЕВСК
Алнаши;  true,;Алнаши
Балезино;  true,;Балезино
Вавож;  true,;Вавож
Воткинск;  true,;Воткинск
Глазов;  true,;Глазов
Грахово;  true,;Грахово
Дебесы;  true,;Дебесы
Завьялово;  true,;Завьялово
Игра;  true,;Игра
Камбарка;  true,;Камбарка
Каракулино;  true,;Каракулино
Кез;  true,;Кез
Кизнер;  true,;Кизнер
Киясово;  true,;Киясово
Красногорское;  true,;Красногорское
Малая Пурга;  true,;Малая Пурга
Можга;  true,;Можга
Сарапул;  true,;Сарапул
Селты;  true,;Селты
Сюмси;  true,;Сюмси
Ува;  true,;Ува
Шаркан;  true,;Шаркан
Юкаменское;  true,;Юкаменское
Якшур-Бодья;  true,;Якшур-Бодья
Яр;  true,;Яр
ИРКУТСК;  true,;ИРКУТСК
Железногорск-Илимский;  false,;
Киренск;  true,;Киренск
Новонукутский;  true,;Новонукутский
Усть-Илимск;  true,;Усть-Илимск
Черемхово;  true,;Черемхово
Шелехов;  true,;Шелехов
ЙОШКАР-ОЛА;  true,;ЙОШКАР-ОЛА
Волжск;  true,;Волжск
Звенигово;  true,;Звенигово
Козьмодемьянск;  true,;Козьмодемьянск
Куженер;  true,;Куженер
Килемары;  true,;Килемары
Морки;  true,;Морки
Мари-Турек;  true,;Мари-Турек
Новый Торьял;  false,;
Оршанка;  true,;Оршанка
Параньга;  true,;Параньга
Сернур;  true,;Сернур
Советский;  true,;Советский
Юрино;  true,;Юрино
КАЗАНЬ;  true,;КАЗАНЬ
Аксубаево;  true,;Аксубаево
Алексеевское;  true,;Алексеевское
Апастово;  true,;Апастово
Арск;  true,;Арск
Атня;  true,;Атня
Базарные Матаки;  true,;Базарные Матаки
Балтаси;  true,;Балтаси
Богатые Сабы;  true,;Богатые Сабы
Булгар;  true,;Булгар
Буинск;  true,;Буинск
Верхний Услон;  true,;Верхний Услон
Высокая Гора;  true,;Высокая Гора
Зеленодольск;  true,;Зеленодольск
Камское Устье;  true,;Камское Устье
Кукмор;  true,;Кукмор
Лаишево;  true,;Лаишево
Новошешминск;  true,;Новошешминск
Нурлат;  true,;Нурлат
Пестрецы;  true,;Пестрецы
Рыбная Слобода;  true,;Рыбная Слобода
Старое Дрожжаное;  false,;
Тетюши;  true,;Тетюши
Тюлячи;  true,;Тюлячи
Черемшан;  true,;Черемшан
Чистополь;  true,;Чистополь
КАЛИНИНГРАД;  true,;КАЛИНИНГРАД
Багратионовск;  true,;Багратионовск
Балтийск;  true,;Балтийск
Гвардейск;  true,;Гвардейск
Гурьевск;  true,;Гурьевск
Гусев;  true,;Гусев
Зеленоградск;  true,;Зеленоградск
Краснознаменск;  true,;Краснознаменск
Неман;  true,;Неман
Нестеров;  true,;Нестеров
Озерск;  true,;Озерск
Пионерский;  true,;Пионерский
Полесск;  true,;Полесск
Правдинск;  true,;Правдинск
Светлогорск;  true,;Светлогорск
Светлый;  true,;Светлый
Славск;  true,;Славск
Советск;  true,;Советск
Черняховск;  true,;Черняховск
КАЛУГА;  true,;КАЛУГА
Бабынино;  true,;Бабынино
Балабаново;  true,;Балабаново
Боровск;  true,;Боровск
Жуково;  true,;Жуково
Киров;  true,;Киров
Кондрово;  true,;Кондрово
Людиново;  true,;Людиново
Малоярославец;  true,;Малоярославец
Медынь;  true,;Медынь
Мещовск;  true,;Мещовск
Обнинск;  true,;Обнинск
Перемышль;  true,;Перемышль
Спас-Деменск;  true,;Спас-Деменск
Сухиничи;  true,;Сухиничи
Таруса;  true,;Таруса
Ульяново;  true,;Ульяново
Юхнов;  true,;Юхнов
КЕМЕРОВО;  true,;КЕМЕРОВО
Анжеро-Судженск;  true,;Анжеро-Судженск
Белово;  true,;Белово
Березовский;  true,;Березовский
Верх-Чебула;  true,;Верх-Чебула
Гурьевск;  true,;Гурьевск
Ижморский;  true,;Ижморский
Кисилевск;  false,;
Ленинск-Кузнецкий;  false,;
Мариинск;  true,;Мариинск
Междуреченск;  true,;Междуреченск
Мыски;  true,;Мыски
Новокузнецк;  true,;Новокузнецк
Осинники;  true,;Осинники
Прокопьевск;  true,;Прокопьевск
Промышленная;  true,;Промышленная
Таштагол;  true,;Таштагол
Тисуль;  true,;Тисуль
Топки;  true,;Топки
Юрга;  true,;Юрга
Яшкино;  true,;Яшкино
Яя;  true,;Яя
КИРОВ;  true,;КИРОВ
Арбаж;  true,;Арбаж
Белая Холуница;  true,;Белая Холуница
Богородское;  true,;Богородское
Верхошижемье;  true,;Верхошижемье
Вятские Поляны;  true,;Вятские Поляны
Даровской;  true,;Даровской
Зуевка;  true,;Зуевка
Кикнур;  true,;Кикнур
Кильмезь;  true,;Кильмезь
Кирово-Чепецк;  true,;Кирово-Чепецк
Кирс;  true,;Кирс
Котельнич;  true,;Котельнич
Кумены;  true,;Кумены
Лебяжье;  true,;Лебяжье
Ленинское;  true,;Ленинское
Луза;  true,;Луза
Малмыж;  true,;Малмыж
Мураши;  true,;Мураши
Нагорск;  true,;Нагорск
Нема;  true,;Нема
Нолинск;  true,;Нолинск
Омутнинск;  true,;Омутнинск
Опарино;  true,;Опарино
Оричи;  true,;Оричи
Орлов;  true,;Орлов
Пижанка;  true,;Пижанка
Подосиновец;  true,;Подосиновец
Санчурск;  true,;Санчурск
Свеча;  true,;Свеча
Слободской;  true,;Слободской
Советск;  true,;Советск
Суна;  true,;Суна
Тужа;  true,;Тужа
Уни;  true,;Уни
Уржум;  true,;Уржум
Фаленки;  true,;Фаленки
Юрья;  true,;Юрья
Яранск;  true,;Яранск
КОСТРОМА;  true,;КОСТРОМА
Антропово;  true,;Антропово
Боговарово;  true,;Боговарово
Буй;  true,;Буй
Волгореченск;  true,;Волгореченск
Вохма;  true,;Вохма
Галич;  true,;Галич
Георгиевское;  true,;Георгиевское
Кадый;  true,;Кадый
Кологрив;  true,;Кологрив
Красное-на-Волге;  true,;Красное-на-Волге
Макарьев;  true,;Макарьев
Мантурово;  true,;Мантурово
Нерехта;  true,;Нерехта
Нея;  true,;Нея
Островское;  true,;Островское
Павино;  true,;Павино
Парфеньево;  true,;Парфеньево
Поназырево;  true,;Поназырево
Пыщуг;  true,;Пыщуг
Солигалич;  true,;Солигалич
Судиславль;  true,;Судиславль
Сусанино;  true,;Сусанино
Чухлома;  true,;Чухлома
Шарья;  true,;Шарья
КРАСНОДАР;  true,;КРАСНОДАР
Абинск;  true,;Абинск
Анапа;  true,;Анапа
Апшеронск;  true,;Апшеронск
Армавир;  true,;Армавир
Белореченск;  true,;Белореченск
Геленджик;  true,;Геленджик
Горячий Ключ;  true,;Горячий Ключ
Динская;  true,;Динская
Каневская;  true,;Каневская
Гулькевичи;  true,;Гулькевичи
Кореновск;  true,;Кореновск
Кропоткин;  true,;Кропоткин
Курганинск;  true,;Курганинск
Лабинск;  true,;Лабинск
Мостовской;  true,;Мостовской
Приморско-Ахтарск;  false,;
Славянск-на-Кубани;  true,;Славянск-на-Кубани
Станица Брюховецкая;  false,;
Станица Кавказская;  false,;
Станица Калининская;  false,;
Станица Красноармейская;  false,;
Станица Крыловская;  false,;
Станица Кущевская;  false,;
Станица Новопокровская;  false,;
Станица Отрадная;  false,;
Станица Павловская;  false,;
Станица Старощербиновская;  false,;
Станица Тбилисская;  false,;
Тимашевск;  true,;Тимашевск
Тихорецк;  true,;Тихорецк
Туапсе;  true,;Туапсе
Успенское;  true,;Успенское
Усть-Лабинск;  true,;Усть-Лабинск
КРАСНОЯРСК;  true,;КРАСНОЯРСК
Абан;  true,;Абан
Ачинск;  true,;Ачинск
Балахта;  true,;Балахта
Березовка;  true,;Березовка
Большая Мурта;  true,;Большая Мурта
Большой Улуй;  true,;Большой Улуй
Бородино;  true,;Бородино
Дзержинское;  true,;Дзержинское
Дивногорск;  true,;Дивногорск
Емельяново;  true,;Емельяново
Енисейск;  true,;Енисейск
Ермаковское;  true,;Ермаковское
Железногорск;  true,;Железногорск
Зеленогорск;  true,;Зеленогорск
Ирбейское;  true,;Ирбейское
Казачинское;  true,;Казачинское
Канск;  true,;Канск
Каратузское;  true,;Каратузское
Кедровый;  true,;Кедровый
Козулька;  true,;Козулька
Лесосибирск;  true,;Лесосибирск
Минусинск;  true,;Минусинск
Нижний Ингаш;  true,;Нижний Ингаш
Новоселово;  true,;Новоселово
Партизанское;  true,;Партизанское
Пировское;  true,;Пировское
Сухобузимское;  true,;Сухобузимское
Тасеево;  true,;Тасеево
Тюхтет;  true,;Тюхтет
Ужур;  true,;Ужур
Уяр;  true,;Уяр
Шалинское;  true,;Шалинское
Шарыпово;  true,;Шарыпово
Шушенское;  true,;Шушенское
КУРГАН;  true,;КУРГАН
Альменево;  true,;Альменево
Белозерское;  true,;Белозерское
Варгаши;  true,;Варгаши
Глядянское;  true,;Глядянское
Далматово;  true,;Далматово
Звериноголовское;  true,;Звериноголовское
Каргаполье;  true,;Каргаполье
Катайск;  true,;Катайск
Кетово;  true,;Кетово
Куртамыш;  true,;Куртамыш
Лебяжье;  true,;Лебяжье
Макушино;  true,;Макушино
Мишкино;  true,;Мишкино
Мокроусово;  true,;Мокроусово
Петухово;  true,;Петухово
Половинное;  true,;Половинное
Сафакулево;  true,;Сафакулево
Целинное;  true,;Целинное
Частоозерье;  true,;Частоозерье
Шадринск;  true,;Шадринск
Шатрово;  true,;Шатрово
Шумиха;  true,;Шумиха
Щучье;  true,;Щучье
Юргамыш;  true,;Юргамыш
КУРСК;  true,;КУРСК
Белая;  true,;Белая
Большое Солдатское;  false,;
Глушково;  true,;Глушково
Горшечное;  true,;Горшечное
Дмитриев-Льговский;  false,;
Железногорск;  true,;Железногорск
Золотухино;  true,;Золотухино
Касторное;  true,;Касторное
Конышевка;  true,;Конышевка
Коренево;  true,;Коренево
Курчатов;  true,;Курчатов
Кшенский;  true,;Кшенский
Льгов;  true,;Льгов
Мантурово;  true,;Мантурово
Медвенка;  true,;Медвенка
Обоянь;  true,;Обоянь
Поныри;  true,;Поныри
Пристень;  true,;Пристень
Прямицыно;  true,;Прямицыно
Рыльск;  true,;Рыльск
Суджа;  true,;Суджа
Солнцево;  true,;Солнцево
Тим;  true,;Тим
Фатеж;  true,;Фатеж
Хомутовка;  true,;Хомутовка
Щигры;  true,;Щигры
Черемисиново;  true,;Черемисиново
ЛИПЕЦК;  true,;ЛИПЕЦК
Волово;  true,;Волово
Грязи;  true,;Грязи
Данков;  true,;Данков
Добринка;  true,;Добринка
Доброе;  true,;Доброе
Долгоруково;  true,;Долгоруково
Елец;  true,;Елец
Задонск;  true,;Задонск
Измалково;  true,;Измалково
Красное;  true,;Красное
Лебедянь;  true,;Лебедянь
Лев Толстой;  true,;Лев Толстой
Становое;  true,;Становое
Тербуны;  true,;Тербуны
Усмань;  true,;Усмань
Хлевное;  true,;Хлевное
Чаплыгин;  true,;Чаплыгин
МАЙКОП;  true,;МАЙКОП
МАГАДАН;  true,;МАГАДАН
Омсукчан;  true,;Омсукчан
Палатка;  true,;Палатка
Сеймчан;  true,;Сеймчан
Сусуман;  true,;Сусуман
Усть-Омчуг;  true,;Усть-Омчуг
МАХАЧКАЛА;  true,;МАХАЧКАЛА
МОСКВА;  true,;МОСКВА
Волоколамск;  true,;Волоколамск
Воскресенск;  true,;Воскресенск
Голицыно;  true,;Голицыно
Дмитров;  true,;Дмитров
Домодедово;  true,;Домодедово
Дубна;  true,;Дубна
Зарайск;  true,;Зарайск
Звенигород;  true,;Звенигород
Егорьевск;  true,;Егорьевск
Жуковский;  true,;Жуковский
Истра;  true,;Истра
Клин;  true,;Клин
Коломна;  true,;Коломна
Лотошино;  true,;Лотошино
Луховицы;  true,;Луховицы
Можайск;  true,;Можайск
Наро-Фоминск;  true,;Наро-Фоминск
Ногинск;  true,;Ногинск
Озеры;  true,;Озеры
Орехово-Зуево;  true,;Орехово-Зуево
Павловский Посад;  false,;
Подольск;  true,;Подольск
Пушкино;  true,;Пушкино
Раменское;  true,;Раменское
Руза;  true,;Руза
Серебряные Пруды;  false,;
Серпухов;  true,;Серпухов
Сергиев Посад;  true,;Сергиев Посад
Солнечногорск;  true,;Солнечногорск
Ступино;  true,;Ступино
Талдом;  true,;Талдом
Троицк;  true,;Троицк
Шатура;  true,;Шатура
Шаховская;  true,;Шаховская
Щелково;  true,;Щелково
Чехов;  true,;Чехов
Электросталь;  true,;Электросталь
МУРМАНСК;  true,;МУРМАНСК
Апатиты;  true,;Апатиты
Заполярный;  true,;Заполярный
Заозерск;  true,;Заозерск
Кандалакша;  true,;Кандалакша
Кировск;  true,;Кировск
Ковдор;  true,;Ковдор
Кола;  true,;Кола
Ловозеро;  true,;Ловозеро
Мончегорск;  true,;Мончегорск
Оленегорск;  true,;Оленегорск
Североморск;  true,;Североморск
Снежногорск;  true,;Снежногорск
Полярный;  true,;Полярный
Полярные Зори;  true,;Полярные Зори
Умба;  true,;Умба
НАБ. ЧЕЛНЫ;  true,;НАБ. ЧЕЛНЫ
Агрыз;  true,;Агрыз
Азнакаево;  true,;Азнакаево
Актаныш;  true,;Актаныш
Альметьевск;  true,;Альметьевск
Бавлы;  true,;Бавлы
Бугульма;  true,;Бугульма
Елабуга;  true,;Елабуга
Лениногорск;  true,;Лениногорск
Заинск;  true,;Заинск
Мамадыш;  true,;Мамадыш
Менделеевск;  true,;Менделеевск
Мензелинск;  true,;Мензелинск
Муслюмово;  true,;Муслюмово
Нижнекамск;  true,;Нижнекамск
Сарманово;  true,;Сарманово
Уруссу;  true,;Уруссу
НИЖ. НОВГОРОД;  true,;НИЖ. НОВГОРОД
Ардатов;  true,;Ардатов
Арзамас;  true,;Арзамас
Балахна;  true,;Балахна
Богородск;  true,;Богородск
Большое Болдино;  true,;Большое Болдино
Большое Мурашкино;  false,;
Бор;  true,;Бор
Бутурлино;  true,;Бутурлино
Вад;  true,;Вад
Вача;  true,;Вача
Ветлуга;  true,;Ветлуга
Вознесенское;  true,;Вознесенское
Воскресенское;  true,;Воскресенское
Выкса;  true,;Выкса
Гагино;  true,;Гагино
Городец;  true,;Городец
Дальнее Константиново;  false,;
Дзержинск;  true,;Дзержинск
Дивеево;  true,;Дивеево
Ковернино;  true,;Ковернино
Кстово;  true,;Кстово
Кулебаки;  true,;Кулебаки
Лукоянов;  true,;Лукоянов
Лысково;  true,;Лысково
Навашино;  true,;Навашино
Павлово;  true,;Павлово
Первомайск;  true,;Первомайск
Перевоз;  true,;Перевоз
Пильна;  true,;Пильна
Починки;  true,;Починки
Саров;  true,;Саров
Семенов;  true,;Семенов
Сергач;  true,;Сергач
Сеченово;  true,;Сеченово
Сосновское;  true,;Сосновское
Спасское;  true,;Спасское
Тонкино;  true,;Тонкино
Уразовка;  true,;Уразовка
Урень;  true,;Урень
Чкаловск;  true,;Чкаловск
Шаранга;  true,;Шаранга
Шатки;  true,;Шатки
Шахунья;  true,;Шахунья
ВЕЛИКИЙ НОВГОРОД;  false,;
Батецкий;  true,;Батецкий
Боровичи;  true,;Боровичи
Валдай;  true,;Валдай
Волот;  true,;Волот
Демянск;  true,;Демянск
Крестцы;  true,;Крестцы
Любытино;  true,;Любытино
Малая Вишера;  true,;Малая Вишера
Марево;  true,;Марево
Мошенское;  true,;Мошенское
Окуловка;  true,;Окуловка
Парфино;  true,;Парфино
Пестово;  true,;Пестово
Поддорье;  true,;Поддорье
Сольцы;  true,;Сольцы
Старая Русса;  true,;Старая Русса
Шимск;  true,;Шимск
Хвойная;  true,;Хвойная
Холм;  true,;Холм
Чудово;  true,;Чудово
НОВОРОССИЙСК;  true,;НОВОРОССИЙСК
НОВОСИБИРСК;  true,;НОВОСИБИРСК
Баган;  true,;Баган
Барабинск;  true,;Барабинск
Бердск;  true,;Бердск
Болотное;  true,;Болотное
Венгерово;  true,;Венгерово
Здвинск;  true,;Здвинск
Искитим;  true,;Искитим
Карасук;  true,;Карасук
Каргат;  true,;Каргат
Колывань;  true,;Колывань
Коченево;  true,;Коченево
Кочки;  true,;Кочки
Краснозерское;  true,;Краснозерское
Куйбышев;  true,;Куйбышев
Купино;  true,;Купино
Кыштовка;  true,;Кыштовка
Маслянино;  true,;Маслянино
Мошково;  true,;Мошково
Обь;  true,;Обь
Ордынское;  true,;Ордынское
Северное;  true,;Северное
Сузун;  true,;Сузун
Татарск;  true,;Татарск
Тогучин;  true,;Тогучин
Убинское;  true,;Убинское
Усть-Тарка;  true,;Усть-Тарка
Чаны;  true,;Чаны
Черепаново;  true,;Черепаново
Чистоозерное;  true,;Чистоозерное
Чулым;  true,;Чулым
ОМСК;  true,;ОМСК
Большеречье;  true,;Большеречье
Знаменское;  true,;Знаменское
Исилькуль;  true,;Исилькуль
Калачинск;  true,;Калачинск
Колосовка;  true,;Колосовка
Кормиловка;  true,;Кормиловка
Крутинка;  true,;Крутинка
Любинский;  true,;Любинский
Марьяновка;  true,;Марьяновка
Москаленки;  true,;Москаленки
Муромцево;  true,;Муромцево
Называевск;  true,;Называевск
Нововаршавка;  true,;Нововаршавка
Одесское;  true,;Одесское
Оконешниково;  true,;Оконешниково
Павлоградка;  true,;Павлоградка
Полтавка;  true,;Полтавка
Русская Поляна;  true,;Русская Поляна
Саргатское;  true,;Саргатское
Седельниково;  true,;Седельниково
Таврическое;  true,;Таврическое
Тара;  true,;Тара
Тевриз;  true,;Тевриз
Тюкалинск;  true,;Тюкалинск
Усть-Ишим;  true,;Усть-Ишим
Черлак;  true,;Черлак
Щербакуль;  false,;
ОРЕЛ;  true,;ОРЕЛ
Болхов;  true,;Болхов
Верховье;  true,;Верховье
Глазуновка;  true,;Глазуновка
Дмитровск-Орловск;  false,;
Залегощь;  true,;Залегощь
Знаменка;  true,;Знаменка
Колпны;  false,;
Кромы;  true,;Кромы
Ливны;  true,;Ливны
Малоархангельск;  true,;Малоархангельск
Мценск;  true,;Мценск
Нарышкино;  true,;Нарышкино
Покровское;  true,;Покровское
Тросно;  true,;Тросно
ОРЕНБУРГ;  true,;ОРЕНБУРГ
Адамовка;  true,;Адамовка
Акбулак;  true,;Акбулак
Александровка;  true,;Александровка
Асекеево;  true,;Асекеево
Бугуруслан;  true,;Бугуруслан
Бузулук;  true,;Бузулук
Гай;  true,;Гай
Грачевка;  true,;Грачевка
Илек;  true,;Илек
Кувандык;  true,;Кувандык
Курманаевка;  true,;Курманаевка
Орск;  true,;Орск
Первомайский;  true,;Первомайский
Саракташ;  true,;Саракташ
Северное;  true,;Северное
Соль-Илецк;  true,;Соль-Илецк
Тоцкое;  true,;Тоцкое
Тюльган;  true,;Тюльган
Шарлык;  true,;Шарлык
Ясный;  true,;Ясный
ПАВЛОДАР;  true,;ПАВЛОДАР
ПЕНЗА;  true,;ПЕНЗА
Башмаково;  true,;Башмаково
Беднодемьяновск;  false,;
Белинский;  true,;Белинский
Бессоновка;  true,;Бессоновка
Городище;  true,;Городище
Исса;  true,;Исса
Земетчино;  true,;Земетчино
Каменка;  true,;Каменка
Колышлей;  true,;Колышлей
Кузнецк;  true,;Кузнецк
Лопатино;  true,;Лопатино
Лунино;  true,;Лунино
Малая Сердоба;  true,;Малая Сердоба
Мокшан;  true,;Мокшан
Наровчат;  true,;Наровчат
Никольск;  true,;Никольск
Пачелма;  true,;Пачелма
Русский Камешкир;  false,;
Сердобск;  true,;Сердобск
Сосновоборск;  true,;Сосновоборск
Тамала;  true,;Тамала
Шемышейка;  true,;Шемышейка
ПЕРМЬ;  true,;ПЕРМЬ
Александровск;  true,;Александровск
Барда;  true,;Барда
Березники;  true,;Березники
Березовка;  true,;Березовка
Большая Соснова;  true,;Большая Соснова
Верещагино;  true,;Верещагино
Горнозаводск;  true,;Горнозаводск
Гремячинск;  true,;Гремячинск
Губаха;  true,;Губаха
Добрянка;  true,;Добрянка
Елово;  true,;Елово
Звездный;  true,;Звездный
Ильинский;  true,;Ильинский
Карагай;  true,;Карагай
Кизел;  true,;Кизел
Краснокамск;  true,;Краснокамск
Кудымкар;  true,;Кудымкар
Куеда;  true,;Куеда
Кунгур;  true,;Кунгур
Лысьва;  true,;Лысьва
Нытва;  true,;Нытва
Октябрьский;  true,;Октябрьский
Орда;  true,;Орда
Оса;  true,;Оса
Оханск;  true,;Оханск
Очер;  true,;Очер
Сива;  true,;Сива
Соликамск;  true,;Соликамск
Суксун;  true,;Суксун
Уинское;  true,;Уинское
Усолье;  true,;Усолье
Чайковский;  true,;Чайковский
Частые;  true,;Частые
Чернушка;  true,;Чернушка
Чердынь;  true,;Чердынь
Чусовой;  true,;Чусовой
ПЕТРОЗАВОДСК;  true,;ПЕТРОЗАВОДСК
Беломорск;  true,;Беломорск
Калевала;  true,;Калевала
Кемь;  true,;Кемь
Кондопога;  true,;Кондопога
Костомукша;  true,;Костомукша
Лахденпохья;  true,;Лахденпохья
Лоухи;  true,;Лоухи
Медвежьегорск;  true,;Медвежьегорск
Муезерский;  true,;Муезерский
Олонец;  true,;Олонец
Питкяранта;  true,;Питкяранта
Пряжа;  true,;Пряжа
Пудож;  true,;Пудож
Сегежа;  true,;Сегежа
Сортавала;  true,;Сортавала
Суоярви;  true,;Суоярви
ПСКОВ;  true,;ПСКОВ
Бежаницы;  true,;Бежаницы
Великие Луки;  true,;Великие Луки
Гдов;  true,;Гдов
Дедовичи;  true,;Дедовичи
Дно;  true,;Дно
Красногородское;  false,;
Кунья;  true,;Кунья
Локня;  true,;Локня
Невель;  true,;Невель
Новоржев;  true,;Новоржев
Новосокольники;  true,;Новосокольники
Опочка;  true,;Опочка
Остров;  true,;Остров
Палкино;  true,;Палкино
Печоры;  true,;Печоры
Плюсса;  true,;Плюсса
Порхов;  true,;Порхов
Пустошка;  true,;Пустошка
Пушкинские Горы;  true,;Пушкинские Горы
Пыталово;  true,;Пыталово
Себеж;  true,;Себеж
Струги Красные;  true,;Струги Красные
Усвяты;  true,;Усвяты
РОСТОВ-НА-ДОНУ;  true,;РОСТОВ-НА-ДОНУ
Азов;  true,;Азов
Аксай;  true,;Аксай
Багаевский;  false,;
Батайск;  true,;Батайск
Белая Калитва;  true,;Белая Калитва
Боковская;  true,;Боковская
Большая Мартыновка;  false,;
Веселый;  true,;Веселый
Вешенская;  true,;Вешенская
Волгодонск;  true,;Волгодонск
Донецк;  true,;Донецк
Дубовское;  true,;Дубовское
Егорлыкская;  true,;Егорлыкская
Заветное;  true,;Заветное
Зерноград;  true,;Зерноград
Зимовники;  true,;Зимовники
Кагальницкая;  true,;Кагальницкая
Каменск-Шахтинский;  false,;
Константиновск;  true,;Константиновск
Куйбышево;  true,;Куйбышево
Матвеев Курган;  true,;Матвеев Курган
Миллерово;  true,;Миллерово
Милютинская;  true,;Милютинская
Морозовск;  true,;Морозовск
Новочеркасск;  true,;Новочеркасск
Новошахтинск;  true,;Новошахтинск
Орловский;  true,;Орловский
Обливская;  true,;Обливская
Покровское;  true,;Покровское
Ремонтное;  true,;Ремонтное
Родионово-Несветайская;  false,;
Романовская;  true,;Романовская
Сальск;  true,;Сальск
Семикаракорск;  true,;Семикаракорск
Таганрог;  true,;Таганрог
Тарасовский;  true,;Тарасовский
Усть-Донецкий;  true,;Усть-Донецкий
Цимлянск;  true,;Цимлянск
Чалтырь;  true,;Чалтырь
Чертково;  true,;Чертково
Шахты;  true,;Шахты
РЯЗАНЬ;  true,;РЯЗАНЬ
Ермишь;  true,;Ермишь
Кадом;  true,;Кадом
Касимов;  true,;Касимов
Кораблино;  true,;Кораблино
Милославское;  true,;Милославское
Михайлов;  true,;Михайлов
Новомичуринск;  true,;Новомичуринск
Пителино;  true,;Пителино
Путятино;  true,;Путятино
Рыбное;  true,;Рыбное
Ряжск;  true,;Ряжск
Сапожок;  true,;Сапожок
Сасово;  true,;Сасово
Скопин;  true,;Скопин
Солотча;  false,;
Спас-Клепики;  true,;Спас-Клепики
Спасск-Рязанский;  false,;
Старожилово;  true,;Старожилово
Ухолово;  true,;Ухолово
Чучково;  true,;Чучково
Шацк;  true,;Шацк
Шилово;  true,;Шилово
САМАРА;  true,;САМАРА
Алексеевка;  true,;Алексеевка
Безенчук;  true,;Безенчук
Большая Глушица;  true,;Большая Глушица
Большая Черниговка;  false,;
Жигулевск;  true,;Жигулевск
Кинель;  true,;Кинель
Клявлино;  true,;Клявлино
Кошки;  true,;Кошки
Красный Яр;  true,;Красный Яр
Нефтегорск;  true,;Нефтегорск
Новокуйбышевск;  true,;Новокуйбышевск
Отрадный;  true,;Отрадный
Похвистнево;  true,;Похвистнево
Сергиевск;  true,;Сергиевск
Тольятти;  true,;Тольятти
Чапаевск;  true,;Чапаевск
Челно-Вершины;  true,;Челно-Вершины
Шентала;  true,;Шентала
Шигоны;  true,;Шигоны
САНКТ-ПЕТЕРБУРГ;  true,;САНКТ-ПЕТЕРБУРГ
Выборг;  true,;Выборг
Гатчина;  true,;Гатчина
Кингисепп;  true,;Кингисепп
Кириши;  true,;Кириши
Луга;  true,;Луга
Пикалево;  true,;Пикалево
Приозерск;  true,;Приозерск
Сланцы;  true,;Сланцы
САРАНСК;  true,;САРАНСК
Ардатов;  true,;Ардатов
Атюрьево;  true,;Атюрьево
Атяшево;  true,;Атяшево
Большие Березники;  false,;
Большое Игнатово;  false,;
Дубенки;  true,;Дубенки
Ельники;  true,;Ельники
Зубова Поляна;  true,;Зубова Поляна
Инсар;  true,;Инсар
Кадошкино;  true,;Кадошкино
Кемля;  true,;Кемля
Ковылкино;  true,;Ковылкино
Кочкурово;  true,;Кочкурово
Краснослободск;  true,;Краснослободск
Лямбирь;  true,;Лямбирь
Ромоданово;  true,;Ромоданово
Рузаевка;  true,;Рузаевка
Старое Шайгово;  true,;Старое Шайгово
Теньгушево;  true,;Теньгушево
Темников;  true,;Темников
Торбеево;  true,;Торбеево
Чамзинка;  true,;Чамзинка
Явас;  true,;Явас
САРАТОВ;  true,;САРАТОВ
Аркадак;  true,;Аркадак
Аткарск;  true,;Аткарск
Балаково;  true,;Балаково
Балашов;  true,;Балашов
Балтай;  true,;Балтай
Вольск;  true,;Вольск
Горный;  true,;Горный
Дергачи;  true,;Дергачи
Духовницкое;  true,;Духовницкое
Ершов;  true,;Ершов
Ивантеевка;  true,;Ивантеевка
Калининск;  true,;Калининск
Красноармейск;  true,;Красноармейск
Красный Кут;  true,;Красный Кут
Лысые Горы;  true,;Лысые Горы
Маркс;  true,;Маркс
Мокроус;  true,;Мокроус
Новоузенск;  true,;Новоузенск
Новые Бурасы;  true,;Новые Бурасы
Озинки;  true,;Озинки
Перелюб;  true,;Перелюб
Петровск;  true,;Петровск
Пугачев;  true,;Пугачев
Романовка;  true,;Романовка
Ртищево;  true,;Ртищево
Самойловка;  true,;Самойловка
Степное;  true,;Степное
Татищево;  true,;Татищево
Хвалынск;  true,;Хвалынск
СМОЛЕНСК;  true,;СМОЛЕНСК
Велиж;  true,;Велиж
Вязьма;  true,;Вязьма
Гагарин;  true,;Гагарин
Глинка;  true,;Глинка
Демидов;  true,;Демидов
Десногорск;  true,;Десногорск
Дорогобуж;  true,;Дорогобуж
Духовщина;  true,;Духовщина
Ельня;  true,;Ельня
Ершичи;  true,;Ершичи
Кардымово;  true,;Кардымово
Красный;  true,;Красный
Монастырщина;  true,;Монастырщина
Новодугино;  true,;Новодугино
Починок;  true,;Починок
Рославль;  true,;Рославль
Рудня;  true,;Рудня
Сычевка;  true,;Сычевка
Темкино;  true,;Темкино
Угра;  true,;Угра
Хиславичи;  true,;Хиславичи
Холм-Жирковский;  true,;Холм-Жирковский
Шумячи;  true,;Шумячи
Ярцево;  true,;Ярцево
СОЧИ;  true,;СОЧИ
СТАВРОПОЛЬ;  true,;СТАВРОПОЛЬ
Александровское;  true,;Александровское
Благодарный;  true,;Благодарный
Ессентуки;  true,;Ессентуки
Изобильный;  true,;Изобильный
Ипатово;  true,;Ипатово
Кисловодск;  true,;Кисловодск
Кочубеевское;  true,;Кочубеевское
Красногвардейское;  true,;Красногвардейское
Курсавка;  true,;Курсавка
Минеральные Воды;  false,;
Невинномысск;  true,;Невинномысск
Новоалександровск;  true,;Новоалександровск
Новоселицкое;  true,;Новоселицкое
Пятигорск;  true,;Пятигорск
СУРГУТ;  true,;СУРГУТ
Березово;  true,;Березово
СЫКТЫВКАР;  true,;СЫКТЫВКАР
Айкино;  true,;Айкино
Визинга;  true,;Визинга
Воркута;  true,;Воркута
Вуктыл;  true,;Вуктыл
Емва;  true,;Емва
Ижма;  true,;Ижма
Инта;  true,;Инта
Койгородок;  true,;Койгородок
Корткерос;  true,;Корткерос
Объячево;  true,;Объячево
Печора;  true,;Печора
Сосногорск;  true,;Сосногорск
Троицко-Печорск;  true,;Троицко-Печорск
Усинск;  true,;Усинск
Усогорск;  true,;Усогорск
Усть-Кулом;  true,;Усть-Кулом
Усть-Цильма;  true,;Усть-Цильма
Ухта;  true,;Ухта
ТАМБОВ;  true,;ТАМБОВ
Бондари;  true,;Бондари
Гавриловка-2-я;  true,;Гавриловка-2-я
Дмитриевка;  true,;Дмитриевка
Жердевка;  true,;Жердевка
Знаменка;  true,;Знаменка
Инжавино;  true,;Инжавино
Кирсанов;  true,;Кирсанов
Котовск;  true,;Котовск
Мичуринск;  true,;Мичуринск
Мордово;  true,;Мордово
Моршанск;  true,;Моршанск
Мучкапский;  true,;Мучкапский
Первомайский;  true,;Первомайский
Петровское;  true,;Петровское
Пичаево;  true,;Пичаево
Рассказово;  true,;Рассказово
Ржакса;  true,;Ржакса
Сатинка;  true,;Сатинка
Сосновка;  true,;Сосновка
Староюрьево;  true,;Староюрьево
Токаревка;  true,;Токаревка
Уварово;  true,;Уварово
Умет;  true,;Умет
ТВЕРЬ;  true,;ТВЕРЬ
Андреаполь;  true,;Андреаполь
Бежецк;  true,;Бежецк
Белый;  true,;Белый
Бологое;  true,;Бологое
Вышний Волочек;  true,;Вышний Волочек
Западная Двина;  true,;Западная Двина
Зубцов;  true,;Зубцов
Калязин;  true,;Калязин
Кашин;  true,;Кашин
Кимры;  true,;Кимры
Конаково;  true,;Конаково
Кувшиново;  true,;Кувшиново
Лесное;  true,;Лесное
Лихославль;  true,;Лихославль
Максатиха;  true,;Максатиха
Нелидово;  true,;Нелидово
Оленино;  true,;Оленино
Осташков;  true,;Осташков
Старица;  true,;Старица
Ржев;  true,;Ржев
Торжок;  true,;Торжок
Торопец;  true,;Торопец
Удомля;  true,;Удомля
ТОМСК;  true,;ТОМСК
Александровское;  true,;Александровское
Асино;  true,;Асино
Каргасок;  true,;Каргасок
Кожевниково;  true,;Кожевниково
Колпашево;  true,;Колпашево
Мельниково;  true,;Мельниково
Парабель;  true,;Парабель
Первомайское;  true,;Первомайское
Стрежевой;  true,;Стрежевой
Тегульдет;  true,;Тегульдет
ТУЛА;  true,;ТУЛА
Алексин;  true,;Алексин
Арсеньево;  true,;Арсеньево
Архангельское;  true,;Архангельское
Белев;  true,;Белев
Богородицк;  true,;Богородицк
Венев;  true,;Венев
Волово;  true,;Волово
Донской;  true,;Донской
Дубна;  true,;Дубна
Ефремов;  true,;Ефремов
Заокский;  true,;Заокский
Кимовск;  true,;Кимовск
Киреевск;  true,;Киреевск
Куркино;  true,;Куркино
Ленинский;  true,;Ленинский
Новомосковск;  true,;Новомосковск
Одоев;  true,;Одоев
Плавск;  true,;Плавск
Суворов;  true,;Суворов
Теплое;  true,;Теплое
Узловая;  true,;Узловая
Чернь;  true,;Чернь
Щекино;  true,;Щекино
Ясногорск;  true,;Ясногорск
ТЮМЕНЬ;  true,;ТЮМЕНЬ
Абатский;  false,;
Армизонское;  true,;Армизонское
Аромашево;  true,;Аромашево
Бердюжье;  true,;Бердюжье
Большое Сорокино;  false,;
Викулово;  true,;Викулово
Голышманово;  true,;Голышманово
Губкинский;  true,;Губкинский
Заводоуковск;  true,;Заводоуковск
Исетское;  true,;Исетское
Ишим;  true,;Ишим
Казанское;  true,;Казанское
Мужи;  true,;Мужи
Муравленко;  true,;Муравленко
Надым;  true,;Надым
Нижняя Тавда;  true,;Нижняя Тавда
Ноябрьск;  true,;Ноябрьск
Новый Уренгой;  true,;Новый Уренгой
Омутинский;  false,;
Салехард;  true,;Салехард
Сладково;  true,;Сладково
Тазовский;  true,;Тазовский
Тарко-Сале;  true,;Тарко-Сале
Тобольск;  true,;Тобольск
Уват;  true,;Уват
Упорово;  true,;Упорово
Ялуторовск;  true,;Ялуторовск
Ярково;  true,;Ярково
УЛАН-УДЭ;  true,;УЛАН-УДЭ
Гусиноозерск;  true,;Гусиноозерск
Северобайкальск;  true,;Северобайкальск
Хоринск;  true,;Хоринск
УЛЬЯНОВСК;  true,;УЛЬЯНОВСК
Барыш;  true,;Барыш
Большое Нагаткино;  false,;
Вешкайма;  true,;Вешкайма
Димитровград;  true,;Димитровград
Инза;  true,;Инза
Ишеевка;  true,;Ишеевка
Карсун;  true,;Карсун
Кузоватово;  true,;Кузоватово
Майна;  true,;Майна
Николаевка;  true,;Николаевка
Новая Малыкла;  true,;Новая Малыкла
Новоспасское;  true,;Новоспасское
Новоульяновск;  true,;Новоульяновск
Радищево;  true,;Радищево
Старая Кулатка;  true,;Старая Кулатка
Старая Майна;  true,;Старая Майна
Сурское;  true,;Сурское
Тереньга;  true,;Тереньга
Чердаклы;  true,;Чердаклы
УФА;  true,;УФА
Архангельское;  true,;Архангельское
Аскарово;  true,;Аскарово
Аскино;  true,;Аскино
Баймак;  true,;Баймак
Бакалы;  true,;Бакалы
Белебей;  true,;Белебей
Белорецк;  true,;Белорецк
Бижбуляк;  true,;Бижбуляк
Бирск;  true,;Бирск
Благовещенск;  true,;Благовещенск
Большеустьикинское;  true,;Большеустьикинское
Буздяк;  true,;Буздяк
Бураево;  true,;Бураево
Верхнеяркеево;  true,;Верхнеяркеево
Верхние Киги;  true,;Верхние Киги
Давлеканово;  true,;Давлеканово
Дюртюли;  true,;Дюртюли
Ермекеево;  true,;Ермекеево
Ермолаево;  true,;Ермолаево
Зилаир;  true,;Зилаир
Иглино;  true,;Иглино
Исянгулово;  true,;Исянгулово
Ишимбай;  true,;Ишимбай
Калтасы;  true,;Калтасы
Караидель;  true,;Караидель
Кармаскалы;  true,;Кармаскалы
Киргиз-Мияки;  true,;Киргиз-Мияки
Красная Горка;  true,;Красная Горка
Красноусольский;  true,;Красноусольский
Кумертау;  true,;Кумертау
Кушнаренково;  true,;Кушнаренково
Малояз;  true,;Малояз
Мелеуз;  true,;Мелеуз
Месягутово;  true,;Месягутово
Мишкино;  true,;Мишкино
Мраково;  true,;Мраково
Нефтекамск;  true,;Нефтекамск
Николо-Березовка;  false,;
Новобелокатай;  true,;Новобелокатай
Октябрьский;  true,;Октябрьский
Раевский;  true,;Раевский
Салават;  true,;Салават
Сибай;  true,;Сибай
Стерлибашево;  true,;Стерлибашево
Стерлитамак;  true,;Стерлитамак
Толбазы;  true,;Толбазы
Туймазы;  true,;Туймазы
Учалы;  true,;Учалы
Федоровка;  true,;Федоровка
Чекмагуш;  true,;Чекмагуш
Чишмы;  true,;Чишмы
Шаран;  true,;Шаран
Языково;  true,;Языково
Янаул;  true,;Янаул
ХАБАРОВСК;  true,;ХАБАРОВСК
Вяземский;  true,;Вяземский
Советская Гавань;  false,;
Солнечный;  true,;Солнечный
Троицкое;  true,;Троицкое
ЧЕБОКСАРЫ;  true,;ЧЕБОКСАРЫ
Алатырь;  true,;Алатырь
Аликово;  true,;Аликово
Батырево;  true,;Батырево
Вурнары;  true,;Вурнары
Ибреси;  true,;Ибреси
Канаш;  true,;Канаш
Козловка;  true,;Козловка
Комсомольское;  true,;Комсомольское
Красноармейское;  true,;Красноармейское
Красные Четаи;  true,;Красные Четаи
Кугеси;  true,;Кугеси
Мариинский Посад;  false,;
Моргауши;  true,;Моргауши
Порецкое;  true,;Порецкое
Урмары;  true,;Урмары
Цивильск;  true,;Цивильск
Шемурша;  true,;Шемурша
Шумерля;  true,;Шумерля
Яльчики;  true,;Яльчики
Янтиково;  true,;Янтиково
ЧЕЛЯБИНСК;  true,;ЧЕЛЯБИНСК
Агаповка;  true,;Агаповка
Аргаяш;  true,;Аргаяш
Аша;  true,;Аша
Бреды;  true,;Бреды
Варна;  true,;Варна
Верхний Уфалей;  true,;Верхний Уфалей
Верхнеуральск;  true,;Верхнеуральск
Долгодеревенское;  true,;Долгодеревенское
Еманжелинск;  true,;Еманжелинск
Еткуль;  true,;Еткуль
Златоуст;  true,;Златоуст
Карталы;  true,;Карталы
Касли;  true,;Касли
Катав-Ивановск;  true,;Катав-Ивановск
Кизильское;  true,;Кизильское
Копейск;  true,;Копейск
Коркино;  true,;Коркино
Кунашак;  true,;Кунашак
Куса;  true,;Куса
Кыштым;  true,;Кыштым
Магнитогорск;  true,;Магнитогорск
Миасс;  true,;Миасс
Миасское;  true,;Миасское
Нязепетровск;  true,;Нязепетровск
Озерск;  true,;Озерск
Октябрьское;  true,;Октябрьское
Пласт;  true,;Пласт
Сатка;  true,;Сатка
Снежинск;  true,;Снежинск
Солнечная Долина;  false,;
Троицк;  true,;Троицк
Увельский;  true,;Увельский
Усть-Катав;  true,;Усть-Катав
Фершампенуаз;  true,;Фершампенуаз
Чебаркуль;  true,;Чебаркуль
Чесма;  true,;Чесма
Южноуральск;  true,;Южноуральск
ЧЕРЕПОВЕЦ;  true,;ЧЕРЕПОВЕЦ
ЧЕРКЕССК;  true,;ЧЕРКЕССК
ЧИТА;  true,;ЧИТА
Балей;  true,;Балей
Дульдурга;  true,;Дульдурга
Карымская;  true,;Карымская
Красный Чикой;  true,;Красный Чикой
Нерчинск;  true,;Нерчинск
Петровск-Забайкальск;  false,;
Улеты;  true,;Улеты
Шелопугино;  true,;Шелопугино
Шилка;  true,;Шилка
ЯКУТСК;  true,;ЯКУТСК
Алдан;  true,;Алдан
Амга;  true,;Амга
Бердигестях;  true,;Бердигестях
Верхневилюйск;  true,;Верхневилюйск
Вилюйск;  true,;Вилюйск
Ленск;  true,;Ленск
Майя;  true,;Майя
Мирный;  true,;Мирный
Нерюнгри;  true,;Нерюнгри
Нюрба;  true,;Нюрба
Олекминск;  true,;Олекминск
Покровск;  true,;Покровск
Сангар;  true,;Сангар
Сунтар;  true,;Сунтар
Тикси;  true,;Тикси
Усть-Мая;  true,;Усть-Мая
Хандыга;  true,;Хандыга
ЯРОСЛАВЛЬ;  true,;ЯРОСЛАВЛЬ
Большое Село;  true,;Большое Село
Борисоглебский;  true,;Борисоглебский
Брейтово;  true,;Брейтово
Гаврилов Ям;  true,;Гаврилов Ям
Данилов;  true,;Данилов
Любим;  true,;Любим
Мышкин;  true,;Мышкин
Некрасовское;  true,;Некрасовское
Новый Некоуз;  true,;Новый Некоуз
Переславль-Залесский;  false,;
Пречистое;  true,;Пречистое
Пошехонье;  true,;Пошехонье
Ростов;  true,;Ростов
Рыбинск;  true,;Рыбинск
Тутаев;  true,;Тутаев
Углич;  true,;Углич
Рубцовск;  true,;Рубцовск
Новокубанск;  true,;Новокубанск
БАРАНОВИЧИ;  true,;БАРАНОВИЧИ
Белыничи;  true,;Белыничи
Береза;  true,;Береза
Березино;  true,;Березино
Берестовица;  true,;Берестовица
Бешенковичи;  true,;Бешенковичи
БОБРУЙСК;  true,;БОБРУЙСК
БОРИСОВ;  true,;БОРИСОВ
Брагин;  true,;Брагин
Браслав;  true,;Браслав
БРЕСТ;  true,;БРЕСТ
Буда-Кошелево;  true,;Буда-Кошелево
Быхов;  true,;Быхов
Верхнедвинск;  true,;Верхнедвинск
Ветка;  true,;Ветка
Вилейка;  true,;Вилейка
ВИТЕБСК;  true,;ВИТЕБСК
Волковыск;  true,;Волковыск
Воложин;  true,;Воложин
Вороново;  true,;Вороново
Ганцевичи;  true,;Ганцевичи
Глубокое;  true,;Глубокое
Глуск;  true,;Глуск
ГОМЕЛЬ;  true,;ГОМЕЛЬ
Горки;  true,;Горки
Городок;  true,;Городок
ГРОДНО;  true,;ГРОДНО
Дзержинск;  true,;Дзержинск
Добруш;  true,;Добруш
Докшицы;  true,;Докшицы
Дрибин;  true,;Дрибин
Дрогичин;  true,;Дрогичин
Дубровно;  true,;Дубровно
Дятлово;  true,;Дятлово
Ельск;  true,;Ельск
Жабинка;  true,;Жабинка
Житковичи;  true,;Житковичи
ЖЛОБИН;  true,;ЖЛОБИН
Жодино;  true,;Жодино
Зельва;  true,;Зельва
Иваново;  true,;Иваново
Иванцевичи;  false,;
Ивье;  true,;Ивье
Калинковичи;  true,;Калинковичи
Каменец;  true,;Каменец
Кировск;  true,;Кировск
Клецк;  true,;Клецк
Климовичи;  true,;Климовичи
Кличев;  true,;Кличев
КОБРИН;  true,;КОБРИН
Копыль;  true,;Копыль
Кореличи;  true,;Кореличи
Корма;  true,;Корма
Костюковичи;  true,;Костюковичи
Краснополье;  true,;Краснополье
Кричев;  true,;Кричев
Круглое;  true,;Круглое
Крупки;  true,;Крупки
Лельчицы;  true,;Лельчицы
Лепель;  true,;Лепель
ЛИДА;  true,;ЛИДА
Лиозно;  true,;Лиозно
Логойск;  true,;Логойск
Лоев;  true,;Лоев
Лунинец;  true,;Лунинец
Любань;  true,;Любань
Ляховичи;  true,;Ляховичи
Малорита;  true,;Малорита
Марьина Горка;  true,;Марьина Горка
МИНСК;  true,;МИНСК
Миоры;  true,;Миоры
МОГИЛЁВ;  true,;МОГИЛЁВ
МОЗЫРЬ;  true,;МОЗЫРЬ
МОЛОДЕЧНО;  true,;МОЛОДЕЧНО
Мосты;  true,;Мосты
Мстиславль;  true,;Мстиславль
Мядель;  true,;Мядель
Наровля;  true,;Наровля
Нарочь;  true,;Нарочь
Несвиж;  true,;Несвиж
Новогрудок;  true,;Новогрудок
НОВОПОЛОЦК;  true,;НОВОПОЛОЦК
Октябрьский;  true,;Октябрьский
ОРША;  true,;ОРША
Осиповичи;  true,;Осиповичи
Островец;  true,;Островец
Ошмяны;  true,;Ошмяны
Петриков;  true,;Петриков
ПИНСК;  true,;ПИНСК
Плещеницы;  true,;Плещеницы
ПОЛОЦК;  true,;ПОЛОЦК
Поставы;  true,;Поставы
Пружаны;  true,;Пружаны
Речица;  true,;Речица
Рогачев;  true,;Рогачев
Россоны;  true,;Россоны
Светлогорск;  true,;Светлогорск
Свислоч;  true,;Свислоч
Сенно;  true,;Сенно
Славгород;  true,;Славгород
СЛОНИМ;  true,;СЛОНИМ
СЛУЦК;  true,;СЛУЦК
Смолевичи;  true,;Смолевичи
Сморгонь;  true,;Сморгонь
Солигорск;  true,;Солигорск
Старые Дороги;  true,;Старые Дороги
Столбцы;  true,;Столбцы
Столин;  true,;Столин
Толочин;  true,;Толочин
Узда;  true,;Узда
Ушачи;  true,;Ушачи
Хойники;  true,;Хойники
Хотимск;  true,;Хотимск
Чаусы;  true,;Чаусы
Чашники;  true,;Чашники
Червень;  true,;Червень
Чериков;  true,;Чериков
Чечерск;  true,;Чечерск
Шарковщина;  true,;Шарковщина
Шклов;  true,;Шклов
Шумилино;  true,;Шумилино
Щучин;  true,;Щучин
Азовское;  true,;Азовское
Акимовка;  true,;Акимовка
Александрия;  true,;Александрия
Александровка;  true,;Александровка
Александровка;  true,;Александровка
Алупка;  false,;
Алушта;  false,;
Алчевск;  true,;Алчевск
Амвросиевка;  true,;Амвросиевка
Ананьев;  true,;Ананьев
Андреевка;  true,;Андреевка
Андрушевка;  true,;Андрушевка
Антрацит;  true,;Антрацит
Апостолово;  true,;Апостолово
Арбузинка;  true,;Арбузинка
Армянск;  false,;
Артемовск;  true,;Артемовск
Арциз;  true,;Арциз
Аскания-Нова;  true,;Аскания-Нова
Ахтырка;  true,;Ахтырка
Аэрофлотский;  false,;
Бабай;  true,;Бабай
Балаклея;  true,;Балаклея
Балта;  true,;Балта
Бар;  true,;Бар
Барановка;  true,;Барановка
Барвенково;  true,;Барвенково
Барышевка;  true,;Барышевка
Батурин;  true,;Батурин
Бахмач;  true,;Бахмач
Бахчисарай;  false,;
Баштанка;  true,;Баштанка
Белая Церковь;  true,;Белая Церковь
Белгород-Днестровский;  false,;
Белгородск;  false,;
Беловодск;  true,;Беловодск
Белозерка;  true,;Белозерка
Белокукарино;  false,;
Белополье;  true,;Белополье
Беляевка;  true,;Беляевка
Бердичев;  true,;Бердичев
Бердянск;  true,;Бердянск
Берегово;  true,;Берегово
Бережаны;  true,;Бережаны
Березанка;  true,;Березанка
Березниговатое;  false,;
Березно;  true,;Березно
Березовка;  true,;Березовка
Березовка;  true,;Березовка
Берислав;  true,;Берислав
Бершадь;  true,;Бершадь
Близнюки;  true,;Близнюки
Бобринец;  true,;Бобринец
Бобрка;  true,;Бобрка
Бобровица;  true,;Бобровица
Богодухов;  true,;Богодухов
Богородчаны;  true,;Богородчаны
Богуслав;  true,;Богуслав
Болград;  true,;Болград
Болехов;  true,;Болехов
Борзна;  true,;Борзна
Борислав;  true,;Борислав
Борисполь;  true,;Борисполь
Боровая;  true,;Боровая
Бородянка;  true,;Бородянка
Борщов;  true,;Борщов
Боярка;  true,;Боярка
Братское;  true,;Братское
Бровары;  true,;Бровары
Броды;  true,;Броды
Брусилов;  true,;Брусилов
Брянка;  true,;Брянка
Бурштын;  true,;Бурштын
Бурынь;  true,;Бурынь
Буск;  true,;Буск
Буча;  true,;Буча
Бучач;  true,;Бучач
Быковка;  true,;Быковка
Валки;  true,;Валки
Вапнярка;  true,;Вапнярка
Варва;  true,;Варва
Васильевка;  true,;Васильевка
Васильков;  true,;Васильков
Васильковка;  true,;Васильковка
Введенка;  true,;Введенка
Великая Александровка;  false,;
Великая Белозерка;  false,;
Великая Богачка;  false,;
Великая Лепетиха;  false,;
Великая Михайловка;  false,;
Великая Новоселовка;  false,;
Великая Писаревка;  false,;
Великий Березный;  false,;
Великий Бурлук;  true,;Великий Бурлук
Верхнеднепровск;  true,;Верхнеднепровск
Верхний Рогачик;  true,;Верхний Рогачик
Верховина;  true,;Верховина
Веселиново;  true,;Веселиново
Веселое;  true,;Веселое
Вижница;  true,;Вижница
Винница;  true,;Винница
Виноградное;  true,;Виноградное
Виноградов;  true,;Виноградов
Виньковцы;  true,;Виньковцы
Вишнево;  true,;Вишнево
Владимир-Волынский;  false,;
Владимирец;  true,;Владимирец
Вовчанск;  false,;
Вознесенск;  true,;Вознесенск
Волноваха;  true,;Волноваха
Воловец;  true,;Воловец
Володарка;  true,;Володарка
Володарск-Волынский;  false,;
Володарское;  true,;Володарское
Волочиск;  true,;Волочиск
Вольногорск;  true,;Вольногорск
Вольнянск;  true,;Вольнянск
Врадиевка;  true,;Врадиевка
Высокий;  true,;Высокий
Высокополье;  true,;Высокополье
Вышгород;  true,;Вышгород
Гадяч;  true,;Гадяч
Гайворон;  true,;Гайворон
Гайсин;  true,;Гайсин
Галич;  true,;Галич
Гаспра;  false,;
Геническ;  true,;Геническ
Герца;  true,;Герца
Глобино;  true,;Глобино
Глухов;  true,;Глухов
Глыбока;  false,;
Голая Пристань;  true,;Голая Пристань
Голованевск;  true,;Голованевск
Голубая Затока;  false,;
Горловка;  true,;Горловка
Горностаевка;  true,;Горностаевка
Городенка;  true,;Городенка
Городище;  true,;Городище
Городница;  true,;Городница
Городня;  true,;Городня
Городок;  true,;Городок
Городок;  true,;Городок
Горохов;  true,;Горохов
Гоща;  true,;Гоща
Гребенка;  true,;Гребенка
Гришковцы;  true,;Гришковцы
Гуляйполе;  true,;Гуляйполе
Гурзуф;  false,;
Гусятин;  true,;Гусятин
Дашава;  true,;Дашава
Дашев;  true,;Дашев
Двуречная;  true,;Двуречная
Дебальцево;  true,;Дебальцево
Демидовка;  true,;Демидовка
Деражня;  true,;Деражня
Дергачи;  true,;Дергачи
Джанкой;  false,;
Дзержинск;  true,;Дзержинск
Дзержинск;  true,;Дзержинск
Диканька;  true,;Диканька
Дмитровка;  true,;Дмитровка
Днепродзержинск;  true,;Днепродзержинск
Днепропетровск;  true,;Днепропетровск
Днепропетровск;  true,;Днепропетровск
Днепрорудное;  true,;Днепрорудное
Добровеличковка;  true,;Добровеличковка
Доброполье;  true,;Доброполье
Довбыш;  true,;Довбыш
Докучаевск;  true,;Докучаевск
Долина;  true,;Долина
Долинская;  true,;Долинская
Доманевка;  true,;Доманевка
Донецк;  true,;Донецк
Донецк;  true,;Донецк
Драбов;  true,;Драбов
Дрогобыч;  true,;Дрогобыч
Дружба;  true,;Дружба
Дружба;  true,;Дружба
Дружковка;  true,;Дружковка
Дубно;  true,;Дубно
Дубовязовка;  true,;Дубовязовка
Дубровица;  true,;Дубровица
Дунаевцы;  true,;Дунаевцы
Дымер;  true,;Дымер
Евпатория;  false,;
Еланец;  true,;Еланец
Емильчина;  false,;
Енакиево;  true,;Енакиево
Жашков;  true,;Жашков
Желтые Воды;  true,;Желтые Воды
Жидачев;  false,;
Житомир;  true,;Житомир
Жмеринка;  true,;Жмеринка
Жовка;  false,;
Журовка;  false,;
Залещики;  true,;Залещики
Заозерное;  true,;Заозерное
Запорожье;  true,;Запорожье
Заречное;  true,;Заречное
Зачепиловка;  true,;Зачепиловка
Збараж;  true,;Збараж
Зборов;  true,;Зборов
Звенигородка;  true,;Звенигородка
Здолбунов;  true,;Здолбунов
Зеленодольск;  true,;Зеленодольск
Зеньков;  true,;Зеньков
Зимогория;  false,;
Змиев;  true,;Змиев
Знаменка;  true,;Знаменка
Золотники;  true,;Золотники
Золотоноша;  true,;Золотоноша
Золочев;  true,;Золочев
Золочев;  true,;Золочев
Иваничи;  true,;Иваничи
Иванков;  true,;Иванков
Ивано-Франковск;  true,;Ивано-Франковск
Ивано-Франковск;  true,;Ивано-Франковск
Ивановка;  true,;Ивановка
Ивановка;  true,;Ивановка
Иванополь;  true,;Иванополь
Измаил;  true,;Измаил
Изюм;  true,;Изюм
Изяслав;  true,;Изяслав
Ильинцы;  true,;Ильинцы
Ильичевск;  true,;Ильичевск
Иршанск;  true,;Иршанск
Ичня;  true,;Ичня
Кагарлык;  true,;Кагарлык
Казанка;  true,;Казанка
Казатин;  true,;Казатин
Каланчак;  true,;Каланчак
Калиновка;  true,;Калиновка
Калита;  true,;Калита
Калуш;  true,;Калуш
Каменец-Подольский;  false,;
Каменка;  true,;Каменка
Каменка-Бугская;  true,;Каменка-Бугская
Каменка-Днепровская;  false,;
Камень-Каширский;  false,;
Канев;  true,;Канев
Карловка;  true,;Карловка
Катеринополь;  true,;Катеринополь
Катцивели;  false,;
Каховка;  true,;Каховка
Кача;  true,;Кача
Кегичевка;  true,;Кегичевка
Кельменцы;  true,;Кельменцы
Керчь;  false,;
Киверцы;  true,;Киверцы
Киев;  true,;Киев
Килия;  true,;Килия
Кириловка;  false,;
Кировоград;  true,;Кировоград
Кировск;  true,;Кировск
Кировское;  true,;Кировское
Кировское;  true,;Кировское
Кировское;  true,;Кировское
Кобеляки;  true,;Кобеляки
Ковель;  true,;Ковель
Кодыма;  true,;Кодыма
Козачья Лопань;  false,;
Козелец;  true,;Козелец
Козельщина;  true,;Козельщина
Козлов;  true,;Козлов
Козова;  true,;Козова
Коломак;  true,;Коломак
Коломыя;  true,;Коломыя
Комарно;  true,;Комарно
Коментерновское;  false,;
Компанеевка;  true,;Компанеевка
Комсомольск;  true,;Комсомольск
Комсомольское;  true,;Комсомольское
Комсомольское;  true,;Комсомольское
Конотоп;  true,;Конотоп
Константиновка;  true,;Константиновка
Копыченцы;  false,;
Корец;  true,;Корец
Кориез;  false,;
Короп;  true,;Короп
Коропец;  true,;Коропец
Коростень;  true,;Коростень
Коростышев;  true,;Коростышев
Корсунь-Шевченко;  false,;
Корюковка;  true,;Корюковка
Коса;  true,;Коса
Косов;  true,;Косов
Костополь;  true,;Костополь
Котельва;  true,;Котельва
Котовск;  true,;Котовск
Кочеток;  true,;Кочеток
Краматорск;  true,;Краматорск
Краматорск;  true,;Краматорск
Красилов;  true,;Красилов
Красноармейск;  true,;Красноармейск
Красногвардейское;  false,;
Красноград;  true,;Красноград
Краснодон;  true,;Краснодон
Краснокаменка;  false,;
Краснокутск;  true,;Краснокутск
Краснопавловка;  true,;Краснопавловка
Красноперекопск;  false,;
Краснополье;  true,;Краснополье
Красные Окны;  true,;Красные Окны
Красный Лиман;  true,;Красный Лиман
Красный Луч;  true,;Красный Луч
Красятичи;  true,;Красятичи
Кременец;  true,;Кременец
Кременная;  true,;Кременная
Кременчуг;  true,;Кременчуг
Кривое Озеро;  true,;Кривое Озеро
Кривой Рог;  true,;Кривой Рог
Кринички;  true,;Кринички
Кролевец;  true,;Кролевец
Крыжополь;  true,;Крыжополь
Кузнецовск;  true,;Кузнецовск
Куйбышево;  true,;Куйбышево
Куйбышево;  true,;Куйбышево
Куликовка;  true,;Куликовка
Купянск;  true,;Купянск
Курпаты;  false,;
Ладыжин;  true,;Ладыжин
Лазурное;  true,;Лазурное
Лановцы;  true,;Лановцы
Лебедин;  true,;Лебедин
Ленино;  true,;Ленино
Летичев;  true,;Летичев
Ливадия;  false,;
Лиман;  true,;Лиман
Липовая Долина;  true,;Липовая Долина
Липовец;  true,;Липовец
Лисичанск;  true,;Лисичанск
Лисянка;  true,;Лисянка
Литин;  true,;Литин
Лозовая;  true,;Лозовая
Локачи;  true,;Локачи
Лохвица;  true,;Лохвица
Лубны;  true,;Лубны
Луганск;  true,;Луганск
Лугины;  true,;Лугины
Лутугино;  true,;Лутугино
Луцк;  true,;Луцк
Львов;  true,;Львов
Любар;  true,;Любар
Любашевка;  true,;Любашевка
Любешов;  true,;Любешов
Любомль;  true,;Любомль
Люботин;  true,;Люботин
Магдалиновка;  true,;Магдалиновка
Макаров;  true,;Макаров
Макеевка;  true,;Макеевка
Малая Виска;  true,;Малая Виска
Малая Даниловка;  true,;Малая Даниловка
Малин;  true,;Малин
Малиновка;  true,;Малиновка
Малокатериновка;  true,;Малокатериновка
Маневичи;  true,;Маневичи
Маньковка;  true,;Маньковка
Марганец;  true,;Марганец
Мариуполь;  true,;Мариуполь
Марковка;  true,;Марковка
Марьинка;  true,;Марьинка
Марьяновка;  true,;Марьяновка
Масандра;  false,;
Машевка;  true,;Машевка
Межгорье;  true,;Межгорье
Межевая;  true,;Межевая
Мелитополь;  true,;Мелитополь
Меловое;  true,;Меловое
Мена;  true,;Мена
Мерефа;  true,;Мерефа
Миргород;  true,;Миргород
Мироновка;  true,;Мироновка
Мирополь;  true,;Мирополь
Мисхор;  false,;
Михайловка;  true,;Михайловка
Млинов;  true,;Млинов
Могилев-Подольский;  false,;
Молодежное;  true,;Молодежное
Монастыриска;  true,;Монастыриска
Монастырище;  true,;Монастырище
Моршин;  true,;Моршин
Мостиска;  true,;Мостиска
Мукачево;  true,;Мукачево
Мурованные Куриловцы;  false,;
Надворная;  true,;Надворная
Народичи;  true,;Народичи
Недригайлов;  true,;Недригайлов
Нежин;  true,;Нежин
Немиров;  true,;Немиров
Немиров;  true,;Немиров
Нетешин;  true,;Нетешин
Нижнегорский;  false,;
Нижние Серегозы;  false,;
Николаев;  true,;Николаев
Николаев;  true,;Николаев
Николаевка;  true,;Николаевка
Никополь;  true,;Никополь
Никулинцы;  false,;
Новая Боровая;  true,;Новая Боровая
Новая Водолага;  true,;Новая Водолага
Новая Каховка;  true,;Новая Каховка
Новая Одесса;  true,;Новая Одесса
Новая Ушица;  true,;Новая Ушица
Новгород-Северский;  false,;
Новгородка;  true,;Новгородка
Новоазовск;  true,;Новоазовск
Новоархангельск;  true,;Новоархангельск
Нововолынск;  true,;Нововолынск
Нововоронцовка;  true,;Нововоронцовка
Новоднестровск;  true,;Новоднестровск
Новое Село;  true,;Новое Село
Новомиргород;  true,;Новомиргород
Новомосковск;  true,;Новомосковск
Новониколаевка;  true,;Новониколаевка
Новоозерное;  false,;
Новопокровка;  true,;Новопокровка
Новопсков;  true,;Новопсков
Новоселица;  true,;Новоселица
Новотроицкое;  true,;Новотроицкое
Новоукраинка;  true,;Новоукраинка
Новые Белокоровичи;  false,;
Новые Санжары;  true,;Новые Санжары
Новый Айдар;  false,;
Новый Буг;  true,;Новый Буг
Новый Раздол;  true,;Новый Раздол
Новый Свет;  true,;Новый Свет
Новый Свет;  true,;Новый Свет
Носовка;  true,;Носовка
Обухов;  true,;Обухов
Овидиополь;  true,;Овидиополь
Овруч;  true,;Овруч
Одесса;  true,;Одесса
Одесса;  true,;Одесса
Олевск;  true,;Олевск
Онуфриевка;  true,;Онуфриевка
Оратов;  true,;Оратов
Ордженикидзе;  false,;
Ордженикидзе;  false,;
Орехов;  true,;Орехов
Оржица;  true,;Оржица
Остер;  true,;Остер
Острог;  true,;Острог
Очаков;  true,;Очаков
Павлоград;  true,;Павлоград
Парковое;  false,;
Первомайск;  true,;Первомайск
Первомайск;  true,;Первомайск
Первомайский;  true,;Первомайский
Первомайское;  true,;Первомайское
Перевальск;  true,;Перевальск
Перемышляны;  true,;Перемышляны
Перечин;  true,;Перечин
Переяслав-Хмильницкий;  false,;
Першотравинск;  false,;
Першотравинск;  false,;
Першотравневое;  true,;Першотравневое
Першотравневое;  true,;Першотравневое
Песковка;  true,;Песковка
Песчанка;  true,;Песчанка
Петрово;  true,;Петрово
Петропавловка;  true,;Петропавловка
Печенеги;  true,;Печенеги
Пирятин;  true,;Пирятин
Планерское;  false,;
Погребище;  true,;Погребище
Подволочинск;  false,;
Подгайцы;  true,;Подгайцы
Покатиловка;  false,;
Покровское;  true,;Покровское
Пологи;  true,;Пологи
Полонное;  true,;Полонное
Полтава;  true,;Полтава
Полтава;  true,;Полтава
Полянка;  true,;Полянка
Понизовка;  false,;
Попасная;  true,;Попасная
Попельня;  true,;Попельня
Почтовое;  false,;
Приазовское;  true,;Приазовское
Приколотное;  true,;Приколотное
Прилуки;  true,;Прилуки
Приморск;  true,;Приморск
Приморский;  true,;Приморский
Пришиб;  true,;Пришиб
Прудянка;  true,;Прудянка
Пустомыты;  true,;Пустомыты
Путивль;  true,;Путивль
Путила;  true,;Путила
Пятихватки;  false,;
Рава-Русская;  true,;Рава-Русская
Радехов;  true,;Радехов
Радивилов;  true,;Радивилов
Радомышль;  true,;Радомышль
Раздельная;  true,;Раздельная
Раздольное;  true,;Раздольное
Ракитное;  true,;Ракитное
Ратно;  true,;Ратно
Рахов;  true,;Рахов
Рени;  true,;Рени
Репки;  true,;Репки
Решетиловка;  true,;Решетиловка
Ржищев;  true,;Ржищев
Ровеньки;  true,;Ровеньки
Ровно;  true,;Ровно
Ровно;  true,;Ровно
Роган;  true,;Роган
Рогатин;  true,;Рогатин
Рожище;  true,;Рожище
Рожнятов;  true,;Рожнятов
Розовка;  true,;Розовка
Рокитное;  true,;Рокитное
Ромны;  true,;Ромны
Рубежное;  true,;Рубежное
Рудница;  true,;Рудница
Ружин;  true,;Ружин
Саврань;  true,;Саврань
Саки;  false,;
Самбор;  true,;Самбор
Санаторное;  false,;
Сарата;  true,;Сарата
Сарны;  true,;Сарны
Сахновщина;  true,;Сахновщина
Свалява;  true,;Свалява
Сватово;  true,;Сватово
Свердловск;  true,;Свердловск
Светловодск;  true,;Светловодск
Северодонецк;  true,;Северодонецк
Селидово;  true,;Селидово
Семеновка;  true,;Семеновка
Семеновка;  true,;Семеновка
Середина-Буда;  true,;Середина-Буда
Симеиз;  false,;
Симферополь;  false,;
Синельниково;  true,;Синельниково
Скадовск;  true,;Скадовск
Скалат;  true,;Скалат
Сквира;  true,;Сквира
Сколе;  true,;Сколе
Славута;  true,;Славута
Славутич;  true,;Славутич
Славяногорск;  false,;
Славяносербск;  true,;Славяносербск
Славянск;  true,;Славянск
Смела;  true,;Смела
Снежное;  true,;Снежное
Снигиревка;  true,;Снигиревка
Снятын;  false,;
Советский;  false,;
Советское;  false,;
Сокаль;  true,;Сокаль
Сокиряны;  true,;Сокиряны
Соленое;  true,;Соленое
Сосница;  true,;Сосница
Софиевка;  true,;Софиевка
Сребное;  true,;Сребное
Ставище;  true,;Ставище
Станично-Луганское;  false,;
Старая Синева;  false,;
Старобельск;  true,;Старобельск
Старобешево;  true,;Старобешево
Староконстантинов;  true,;Староконстантинов
Старый Крым;  true,;Старый Крым
Старый Самбор;  true,;Старый Самбор
Старя Выжевка;  false,;
Стаханов;  true,;Стаханов
Сторожинец;  true,;Сторожинец
Стрый;  true,;Стрый
Судак;  false,;
Сумы;  true,;Сумы
Талалаевка;  true,;Талалаевка
Тальное;  true,;Тальное
Тараща;  true,;Тараща
Тарутино;  true,;Тарутино
Татарбунары;  true,;Татарбунары
Тельманово;  true,;Тельманово
Теофиполь;  true,;Теофиполь
Теплик;  true,;Теплик
Теребовля;  true,;Теребовля
Тернополь;  true,;Тернополь
Тетиев;  true,;Тетиев
Тлумач;  true,;Тлумач
Токмак;  true,;Токмак
Томаковка;  true,;Томаковка
Томашполь;  true,;Томашполь
Торез;  true,;Торез
Троицкое;  true,;Троицкое
Тростянец;  true,;Тростянец
Тростянец;  true,;Тростянец
Трускавец;  true,;Трускавец
Тульчин;  true,;Тульчин
Турийск;  true,;Турийск
Турка;  true,;Турка
Тывров;  true,;Тывров
Тысменица;  true,;Тысменица
Тячев;  true,;Тячев
Ужгород;  true,;Ужгород
Ужгород;  true,;Ужгород
Украинка;  true,;Украинка
Ульяновка;  true,;Ульяновка
Умань;  true,;Умань
Устиновка;  true,;Устиновка
Утковка;  true,;Утковка
Фастов;  true,;Фастов
Феодосия;  false,;
Форос;  true,;Форос
Фрунзовка;  true,;Фрунзовка
Харцызк;  false,;
Харьков;  true,;Харьков
Херсон;  true,;Херсон
Хмельник;  true,;Хмельник
Хмельницкий;  true,;Хмельницкий
Хмельницкий;  true,;Хмельницкий
Хорол;  true,;Хорол
Хотень;  true,;Хотень
Хотин;  true,;Хотин
Христоновка;  false,;
Хуст;  true,;Хуст
Царичанка;  true,;Царичанка
Цумань;  true,;Цумань
Цюрюпинск;  false,;
Чемеровцы;  true,;Чемеровцы
Червоноград;  true,;Червоноград
Черкассы;  true,;Черкассы
Черневцы;  true,;Черневцы
Чернигов;  true,;Чернигов
Чернигов;  true,;Чернигов
Черниговка;  true,;Черниговка
Чернобай;  true,;Чернобай
Чернобыль;  true,;Чернобыль
Черновцы;  true,;Черновцы
Черновцы;  true,;Черновцы
Черноморское;  true,;Черноморское
Чернухи;  true,;Чернухи
Черняхов;  true,;Черняхов
Чечельник;  true,;Чечельник
Чигирин;  true,;Чигирин
Чоп;  true,;Чоп
Чортков;  true,;Чортков
Чугуев;  true,;Чугуев
Чуднов;  true,;Чуднов
Чутово;  true,;Чутово
Шаргород;  true,;Шаргород
Шахтерск;  true,;Шахтерск
Шацк;  true,;Шацк
Шевченково;  true,;Шевченково
Шепетовка;  true,;Шепетовка
Широкое;  true,;Широкое
Шишаки;  true,;Шишаки
Шкло;  true,;Шкло
Шостка;  true,;Шостка
Шпола;  true,;Шпола
Шумское;  false,;
Щебетовка;  false,;
Щорс;  true,;Щорс
Энергодар;  true,;Энергодар
Южноукраинск;  true,;Южноукраинск
Юрьевка;  true,;Юрьевка
Яблунец;  true,;Яблунец
Яворов;  true,;Яворов
Яготин;  true,;Яготин
Ялта;  true,;Ялта
Ялта;  true,;Ялта
Ямполь;  true,;Ямполь
Ямполь;  true,;Ямполь
Ямполь;  true,;Ямполь
Яремча;  false,;
Ярмолинцы;  true,;Ярмолинцы
Ясиноватое;  false,;
